{"pitch": [1.7976931348623157e+308, -1.7976931348623157e+308, 0.0, 1.0], "energy": [1.7976931348623157e+308, -1.7976931348623157e+308, 0.0, 1.0]}